INSERT INTO Landshluti(nafn) values
("Höfuðborgarsvæðið"),
("Suðurnes"),
("Vesturland"),
("Vestfirðir"),
("Norðurland vestra"),
("Norðurland eystra"),
("Austurland"),
("Suðurland");

INSERT INTO Sveitarfelag values
("0000", "Reykjavík",1),
("1000", "Kópavogur",1),
("1100", "Seltjarnarnesbær",1),
("1300", "Garðabær",1),
("1400", "Hafnarfjörður",1),
("1604", "Mosfellsbær",1),
("1606", "Kjósárhreppur",1),

("2000", "Reykjansesbær",2),
("2300", "Grindavíkurbær",2),
("2503", "Sandgerðisbær",2),
("2504", "Sveitarfélagið Garður",2),
("2506", "Sveitarfélagið Vogar",2),

("3000", "Akraneskaupstaður",3),
("3506", "Skorradalshreppur",3),
("3511", "Hvalfjarðarsveit",3),
("3609", "Borgarbyggð",3),
("3709", "Grundarfjarðarbær",3),
("3710", "Helgafellssveit",3),
("3711", "Stykkishólmsbær",3),
("3713", "Eyja- og Miklaholtshreppur",3),
("3714", "Snæfellsbær",3),
("3811", "Dalabyggð",3),

("4100", "Bolungarvíkurkaupstaður",4),
("4200", "Ísafjarðarbær",4),
("4502", "Reykhólahreppur",4),
("4604", "Tálknafjarðarhreppur",4),
("4607", "Vesturbyggð",4),
("4803", "Súðavíkurhreppur",4),
("4901", "Árneshreppur",4),
("4902", "Kaldraneshreppur",4),
("4911", "Strandabyggð",4),

("5200", "Sveitarfélagið Skagafjörður",5),
("5508", "Húnaþing vestra",5),
("5604", "Blönduósbær",5),
("5609", "Sveitarfélagið Skagaströnd",5),
("5611", "Skagabyggð",5),
("5612", "Húnavatnshreppur",5),
("5706", "Akrahreppur",5),

("6000", "Akureyrarkaupstaður",6),
("6100", "Norðurþing",6),
("6250", "Fjallabyggð",6),
("6400", "Dalvíkurbyggð", 6),
("6513", "Eyjafjarðarsveit", 6),
("6515", "Hörgársveit", 6),
("6601", "Svalbarðsstrandarhreppur", 6),
("6602", "Grýtubakkahreppur",6),
("6607", "Skútustaðahreppur",6),
("6611", "Tjörneshreppur",6),
("6612", "Þingeyjarsveit",6),
("6706", "Svalbarðshreppur",6),
("6709", "Langanesbyggð",6),

("7000", "Seyðisfjarðarkaupstaður",7),
("7300", "Fjarðabyggð", 7),
("7502", "Vopnafjarðarhreppur",7),
("7505", "Fljótsdalshreppur",7),
("7509", "Borgarfjarðarhreppur",7),
("7613", "Breiðdalshreppur",7),
("7617", "Djúpavogshreppur",7),
("7620", "Fljótsdalshérað",7),
("7708", "Sveitarfélagið Hornafjörður",7),

("8000","Vestmannaeyjabær",8),
("8200","Sveitarfélagið Árborg",8),
("8508","Mýrdalshreppur",8),
("8509","Skaftárhreppur",8),
("8610","Ásahreppur",8),
("8613","Rangárþing eystra",8),
("8614","Rangárþing ytra",8),
("8710", "Hrunamannahreppur",8),
("8716","Hveragerðisbær",8),
("8717","Sveitarfélagið Ölfus",8),
("8719","Grímsnes- og Grafningshreppur",8),
("8720","Skeiða- og Gnúpverjahreppur",8),
("8721","Bláskógabyggð",8),
("8722","Flóahreppur",8);






INSERT INTO Fjoldi values
("2018","0000","126771", JSON_OBJECT("year","2018","sveitarfelag","Reykjavík","fjoldi","126771")),
("2017","0000","126108", JSON_OBJECT("year","2017","sveitarfelag","Reykjavík","fjoldi","126108")),
("2018","1000","36290", JSON_OBJECT("year","2018","sveitarfelag","Kópavogur","fjoldi","36290")),
("2017","1000","35903", JSON_OBJECT("year","2017","sveitarfelag","Kópavogur","fjoldi","35903")),
("2018","1100","4608", JSON_OBJECT("year","2018","sveitarfelag","Seltjarnarnesbær","fjoldi","4608")),
("2017","1100","4569", JSON_OBJECT("year","2017","sveitarfelag","Seltjarnarnesbær","fjoldi","4569")),
("2018","1300","15869", JSON_OBJECT("year","2018","sveitarfelag","Garðabær","fjoldi","15869")),
("2017","1300","15691", JSON_OBJECT("year","2017","sveitarfelag","Garðabær","fjoldi","15691")),
("2018","1400","29603", JSON_OBJECT("year","2018","sveitarfelag","Hafnarfjörður","fjoldi","29603")),
("2017","1400","29371", JSON_OBJECT("year","2017","sveitarfelag","Hafnarfjörður","fjoldi","29371")),
("2018","1604","10730", JSON_OBJECT("year","2018","sveitarfelag","Mosfellsbær","fjoldi","10730")),
("2017","1604","10514", JSON_OBJECT("year","2017","sveitarfelag","Mosfellsbær","fjoldi","10514")),
("2018","1606","227", JSON_OBJECT("year","2018","sveitarfelag","Kjósarhreppur","fjoldi","227")),
("2017","1606","221", JSON_OBJECT("year","2017","sveitarfelag","Kjósarhreppur","fjoldi","221")),
("2018","2000","18074", JSON_OBJECT("year","2018","sveitarfelag","Reykjanesbær","fjoldi","18074")),
("2017","2000","17732", JSON_OBJECT("year","2017","sveitarfelag","Reykjanesbær","fjoldi","17732")),
("2018","2300","3380", JSON_OBJECT("year","2018","sveitarfelag","Grindavíkurbær","fjoldi","3380")),
("2017","2300","3326", JSON_OBJECT("year","2017","sveitarfelag","Grindavíkurbær","fjoldi","3326")),
("2018","2503","1807", JSON_OBJECT("year","2018","sveitarfelag","Sandgerðisbær","fjoldi","1807")),
("2017","2503","1785", JSON_OBJECT("year","2017","sveitarfelag","Sandgerðisbær","fjoldi","1785")),
("2018","2504","1597", JSON_OBJECT("year","2018","sveitarfelag","Sveitarfélagið Garður","fjoldi","1597")),
("2017","2504","1599", JSON_OBJECT("year","2017","sveitarfelag","Sveitarfélagið Garður","fjoldi","1599")),
("2018","2506","1275", JSON_OBJECT("year","2018","sveitarfelag","Sveitarfélagið Vogar","fjoldi","1275")),
("2017","2506","1269", JSON_OBJECT("year","2017","sveitarfelag","Sveitarfélagið Vogar","fjoldi","1269")),
("2018","3000","7299", JSON_OBJECT("year","2018","sveitarfelag","Akraneskaupstaður","fjoldi","7299")),
("2017","3000","7225", JSON_OBJECT("year","2017","sveitarfelag","Akraneskaupstaður","fjoldi","7225")),
("2018","3506","55", JSON_OBJECT("year","2018","sveitarfelag","Skorradalshreppur","fjoldi","55")),
("2017","3506","56", JSON_OBJECT("year","2017","sveitarfelag","Skorradalshreppur","fjoldi","56")),
("2018","3511","649", JSON_OBJECT("year","2018","sveitarfelag","Hvalfjarðarsveit","fjoldi","649")),
("2017","3511","656", JSON_OBJECT("year","2017","sveitarfelag","Hvalfjarðarsveit","fjoldi","656")),
("2018","3609","3751", JSON_OBJECT("year","2018","sveitarfelag","Borgarbyggð","fjoldi","3751")),
("2017","3609","3745", JSON_OBJECT("year","2017","sveitarfelag","Borgarbyggð","fjoldi","3745")),
("2018","3709","888", JSON_OBJECT("year","2018","sveitarfelag","Grundarfjarðarbær","fjoldi","888")),
("2017","3709","884", JSON_OBJECT("year","2017","sveitarfelag","Grundarfjarðarbær","fjoldi","884")),
("2018","3710","59", JSON_OBJECT("year","2018","sveitarfelag","Helgafellssveit","fjoldi","59")),
("2017","3710","59", JSON_OBJECT("year","2017","sveitarfelag","Helgafellssveit","fjoldi","59")),
("2018","3711","1186", JSON_OBJECT("year","2018","sveitarfelag","Stykkishólmsbær","fjoldi","1186")),
("2017","3711","1178", JSON_OBJECT("year","2017","sveitarfelag","Stykkishólmsbær","fjoldi","1178")),
("2018","3713","126", JSON_OBJECT("year","2018","sveitarfelag","Eyja- og Miklaholtshreppur","fjoldi","126")),
("2017","3713","123", JSON_OBJECT("year","2017","sveitarfelag","Eyja- og Miklaholtshreppur","fjoldi","123")),
("2018","3714","1672", JSON_OBJECT("year","2018","sveitarfelag","Snæfellsbær","fjoldi","1672")),
("2017","3714","1637", JSON_OBJECT("year","2017","sveitarfelag","Snæfellsbær","fjoldi","1637")),
("2018","3811","663", JSON_OBJECT("year","2018","sveitarfelag","Dalabyggð","fjoldi","663")),
("2017","3811","666", JSON_OBJECT("year","2017","sveitarfelag","Dalabyggð","fjoldi","666")),
("2018","4100","935", JSON_OBJECT("year","2018","sveitarfelag","Bolungarvíkurkaupstaður","fjoldi","935")),
("2017","4100","943", JSON_OBJECT("year","2017","sveitarfelag","Bolungarvíkurkaupstaður","fjoldi","943")),
("2018","4200","3771", JSON_OBJECT("year","2018","sveitarfelag","Ísafjarðarbær","fjoldi","3771")),
("2017","4200","3709", JSON_OBJECT("year","2017","sveitarfelag","Ísafjarðarbær","fjoldi","3709")),
("2018","4502","278", JSON_OBJECT("year","2018","sveitarfelag","Reykhólahreppur","fjoldi","278")),
("2017","4502","277", JSON_OBJECT("year","2017","sveitarfelag","Reykhólahreppur","fjoldi","277")),
("2018","4604","244", JSON_OBJECT("year","2018","sveitarfelag","Tálknafjarðarhreppur","fjoldi","244")),
("2017","4604","245", JSON_OBJECT("year","2017","sveitarfelag","Tálknafjarðarhreppur","fjoldi","245")),
("2018","4607","1004", JSON_OBJECT("year","2018","sveitarfelag","Vesturbyggð","fjoldi","1004")),
("2017","4607","1023", JSON_OBJECT("year","2017","sveitarfelag","Vesturbyggð","fjoldi","1023")),
("2018","4803","200", JSON_OBJECT("year","2018","sveitarfelag","Súðavíkurhreppur","fjoldi","200")),
("2017","4803","196", JSON_OBJECT("year","2017","sveitarfelag","Súðavíkurhreppur","fjoldi","196")),
("2018","4901","45", JSON_OBJECT("year","2018","sveitarfelag","Árneshreppur","fjoldi","45")),
("2017","4901","41", JSON_OBJECT("year","2017","sveitarfelag","Árneshreppur","fjoldi","41")),
("2018","4902","108", JSON_OBJECT("year","2018","sveitarfelag","Kaldrananeshreppur","fjoldi","108")),
("2017","4902","109", JSON_OBJECT("year","2017","sveitarfelag","Kaldrananeshreppur","fjoldi","109")),
("2018","4911","451", JSON_OBJECT("year","2018","sveitarfelag","Strandabyggð","fjoldi","451")),
("2017","4911","449", JSON_OBJECT("year","2017","sveitarfelag","Strandabyggð","fjoldi","449")),
("2018","5200","3985", JSON_OBJECT("year","2018","sveitarfelag","Sveitarfélagið Skagafjörður","fjoldi","3985")),
("2017","5200","3945", JSON_OBJECT("year","2017","sveitarfelag","Sveitarfélagið Skagafjörður","fjoldi","3945")),
("2018","5508","1184", JSON_OBJECT("year","2018","sveitarfelag","Húnaþing vestra","fjoldi","1184")),
("2017","5508","1190", JSON_OBJECT("year","2017","sveitarfelag","Húnaþing vestra","fjoldi","1190")),
("2018","5604","906", JSON_OBJECT("year","2018","sveitarfelag","Blönduósbær","fjoldi","906")),
("2017","5604","892", JSON_OBJECT("year","2017","sveitarfelag","Blönduósbær","fjoldi","892")),
("2018","5609","466", JSON_OBJECT("year","2018","sveitarfelag","Sveitarfélagið Skagaströnd","fjoldi","466")),
("2017","5609","480", JSON_OBJECT("year","2017","sveitarfelag","Sveitarfélagið Skagaströnd","fjoldi","480")),
("2018","5611","88", JSON_OBJECT("year","2018","sveitarfelag","Skagabyggð","fjoldi","88")),
("2017","5611","92", JSON_OBJECT("year","2017","sveitarfelag","Skagabyggð","fjoldi","92")),
("2018","5612","379", JSON_OBJECT("year","2018","sveitarfelag","Húnavatnshreppur","fjoldi","379")),
("2017","5612","387", JSON_OBJECT("year","2017","sveitarfelag","Húnavatnshreppur","fjoldi","387")),
("2018","5706","195", JSON_OBJECT("year","2018","sveitarfelag","Akrahreppur","fjoldi","195")),
("2017","5706","194", JSON_OBJECT("year","2017","sveitarfelag","Akrahreppur","fjoldi","194")),
("2018","6000","18817", JSON_OBJECT("year","2018","sveitarfelag","Akureyrarkaupstaður","fjoldi","18817")),
("2017","6000","18789", JSON_OBJECT("year","2017","sveitarfelag","Akureyrarkaupstaður","fjoldi","18789")),
("2018","6100","3202", JSON_OBJECT("year","2018","sveitarfelag","Norðurþing","fjoldi","3202")),
("2017","6100","3278", JSON_OBJECT("year","2017","sveitarfelag","Norðurþing","fjoldi","3278")),
("2018","6250","2013", JSON_OBJECT("year","2018","sveitarfelag","Fjallabyggð","fjoldi","2013")),
("2017","6250","2011", JSON_OBJECT("year","2017","sveitarfelag","Fjallabyggð","fjoldi","2011")),
("2018","6400","1886", JSON_OBJECT("year","2018","sveitarfelag","Dalvíkurbyggð","fjoldi","1886")),
("2017","6400","1889", JSON_OBJECT("year","2017","sveitarfelag","Dalvíkurbyggð","fjoldi","1889")),
("2018","6513","1017", JSON_OBJECT("year","2018","sveitarfelag","Eyjafjarðarsveit","fjoldi","1017")),
("2017","6513","1012", JSON_OBJECT("year","2017","sveitarfelag","Eyjafjarðarsveit","fjoldi","1012")),
("2018","6515","596", JSON_OBJECT("year","2018","sveitarfelag","Hörgársveit","fjoldi","596")),
("2017","6515","581", JSON_OBJECT("year","2017","sveitarfelag","Hörgársveit","fjoldi","581")),
("2018","6601","499", JSON_OBJECT("year","2018","sveitarfelag","Svalbarðsstrandarhreppur","fjoldi","499")),
("2017","6601","482", JSON_OBJECT("year","2017","sveitarfelag","Svalbarðsstrandarhreppur","fjoldi","482")),
("2018","6602","365", JSON_OBJECT("year","2018","sveitarfelag","Grýtubakkahreppur","fjoldi","365")),
("2017","6602","372", JSON_OBJECT("year","2017","sveitarfelag","Grýtubakkahreppur","fjoldi","372")),
("2018","6607","507", JSON_OBJECT("year","2018","sveitarfelag","Skútustaðahreppur","fjoldi","507")),
("2017","6607","493", JSON_OBJECT("year","2017","sveitarfelag","Skútustaðahreppur","fjoldi","493")),
("2018","6611","58", JSON_OBJECT("year","2018","sveitarfelag","Tjörneshreppur","fjoldi","58")),
("2017","6611","58", JSON_OBJECT("year","2017","sveitarfelag","Tjörneshreppur","fjoldi","58")),
("2018","6612","930", JSON_OBJECT("year","2018","sveitarfelag","Þingeyjarsveit","fjoldi","930")),
("2017","6612","969", JSON_OBJECT("year","2017","sveitarfelag","Þingeyjarsveit","fjoldi","969")),
("2018","6706","93", JSON_OBJECT("year","2018","sveitarfelag","Svalbarðshreppur","fjoldi","93")),
("2017","6706","92", JSON_OBJECT("year","2017","sveitarfelag","Svalbarðshreppur","fjoldi","92")),
("2018","6709","493", JSON_OBJECT("year","2018","sveitarfelag","Langanesbyggð","fjoldi","493")),
("2017","6709","480", JSON_OBJECT("year","2017","sveitarfelag","Langanesbyggð","fjoldi","480")),
("2018","7000","687", JSON_OBJECT("year","2018","sveitarfelag","Seyðisfjarðarkaupstaður","fjoldi","687")),
("2017","7000","674", JSON_OBJECT("year","2017","sveitarfelag","Seyðisfjarðarkaupstaður","fjoldi","674")),
("2018","7300","4810", JSON_OBJECT("year","2018","sveitarfelag","Fjarðabyggð","fjoldi","4810")),
("2017","7300","4780", JSON_OBJECT("year","2017","sveitarfelag","Fjarðabyggð","fjoldi","4780")),
("2018","7502","657", JSON_OBJECT("year","2018","sveitarfelag","Vopnafjarðarhreppur","fjoldi","657")),
("2017","7502","661", JSON_OBJECT("year","2017","sveitarfelag","Vopnafjarðarhreppur","fjoldi","661")),
("2018","7505","74", JSON_OBJECT("year","2018","sveitarfelag","Fljótsdalshreppur","fjoldi","74")),
("2017","7505","76", JSON_OBJECT("year","2017","sveitarfelag","Fljótsdalshreppur","fjoldi","76")),
("2018","7509","105", JSON_OBJECT("year","2018","sveitarfelag","Borgarfjarðarhreppur","fjoldi","105")),
("2017","7509","108", JSON_OBJECT("year","2017","sveitarfelag","Borgarfjarðarhreppur","fjoldi","108")),
("2018","7613","191", JSON_OBJECT("year","2018","sveitarfelag","Breiðdalshreppur","fjoldi","191")),
("2017","7613","183", JSON_OBJECT("year","2017","sveitarfelag","Breiðdalshreppur","fjoldi","183")),
("2018","7617","462", JSON_OBJECT("year","2018","sveitarfelag","Djúpavogshreppur","fjoldi","462")),
("2017","7617","461", JSON_OBJECT("year","2017","sveitarfelag","Djúpavogshreppur","fjoldi","461")),
("2018","7620","3540", JSON_OBJECT("year","2018","sveitarfelag","Fljótsdalshérað","fjoldi","3540")),
("2017","7620","3545", JSON_OBJECT("year","2017","sveitarfelag","Fljótsdalshérað","fjoldi","3545")),
("2018","7708","2323", JSON_OBJECT("year","2018","sveitarfelag","Sveitarfélagið Hornafjörður","fjoldi","2323")),
("2017","7708","2299", JSON_OBJECT("year","2017","sveitarfelag","Sveitarfélagið Hornafjörður","fjoldi","2299")),
("2018","8000","4289", JSON_OBJECT("year","2018","sveitarfelag","Vestmannaeyjabær","fjoldi","4289")),
("2017","8000","4283", JSON_OBJECT("year","2017","sveitarfelag","Vestmannaeyjabær","fjoldi","4283")),
("2018","8200","9131", JSON_OBJECT("year","2018","sveitarfelag","Sveitarfélagið Árborg","fjoldi","9131")),
("2017","8200","8964", JSON_OBJECT("year","2017","sveitarfelag","Sveitarfélagið Árborg","fjoldi","8964")),
("2018","8508","652", JSON_OBJECT("year","2018","sveitarfelag","Mýrdalshreppur","fjoldi","652")),
("2017","8508","626", JSON_OBJECT("year","2017","sveitarfelag","Mýrdalshreppur","fjoldi","626")),
("2018","8509","568", JSON_OBJECT("year","2018","sveitarfelag","Skaftárhreppur","fjoldi","568")),
("2017","8509","564", JSON_OBJECT("year","2017","sveitarfelag","Skaftárhreppur","fjoldi","564")),
("2018","8610","243", JSON_OBJECT("year","2018","sveitarfelag","Ásahreppur","fjoldi","243")),
("2017","8610","251", JSON_OBJECT("year","2017","sveitarfelag","Ásahreppur","fjoldi","251")),
("2018","8613","1818", JSON_OBJECT("year","2018","sveitarfelag","Rangárþing eystra","fjoldi","1818")),
("2017","8613","1801", JSON_OBJECT("year","2017","sveitarfelag","Rangárþing eystra","fjoldi","1801")),
("2018","8614","1608", JSON_OBJECT("year","2018","sveitarfelag","Rangárþing ytra","fjoldi","1608")),
("2017","8614","1599", JSON_OBJECT("year","2017","sveitarfelag","Rangárþing ytra","fjoldi","1599")),
("2018","8710","780", JSON_OBJECT("year","2018","sveitarfelag","Hrunamannahreppur","fjoldi","780")),
("2017","8710","777", JSON_OBJECT("year","2017","sveitarfelag","Hrunamannahreppur","fjoldi","777")),
("2018","8716","2582", JSON_OBJECT("year","2018","sveitarfelag","Hveragerðisbær","fjoldi","2582")),
("2017","8716","2554", JSON_OBJECT("year","2017","sveitarfelag","Hveragerðisbær","fjoldi","2554")),
("2018","8717","2111", JSON_OBJECT("year","2018","sveitarfelag","Sveitarfélagið Ölfus","fjoldi","2111")),
("2017","8717","2106", JSON_OBJECT("year","2017","sveitarfelag","Sveitarfélagið Ölfus","fjoldi","2106")),
("2018","8719","468", JSON_OBJECT("year","2018","sveitarfelag","Grímsnes- og Grafningshreppur","fjoldi","468")),
("2017","8719","479", JSON_OBJECT("year","2017","sveitarfelag","Grímsnes- og Grafningshreppur","fjoldi","479")),
("2018","8720","701", JSON_OBJECT("year","2018","sveitarfelag","Skeiða- og Gnúpverjahreppur","fjoldi","701")),
("2017","8720","679", JSON_OBJECT("year","2017","sveitarfelag","Skeiða- og Gnúpverjahreppur","fjoldi","679")),
("2018","8721","1108", JSON_OBJECT("year","2018","sveitarfelag","Bláskógabyggð","fjoldi","1108")),
("2017","8721","1115", JSON_OBJECT("year","2017","sveitarfelag","Bláskógabyggð","fjoldi","1115")),
("2018","8722","646", JSON_OBJECT("year","2018","sveitarfelag","Flóahreppur","fjoldi","646")),
("2017","8722","640", JSON_OBJECT("year","2017","sveitarfelag","Flóahreppur","fjoldi","640"));
